[
    {
        "model": "auth.user",
        "pk": 1,
        "fields": {
            "password": "pbkdf2_sha256$600000$FkdRdxahWYhx75NkolWijG$D4NiQLCgaAm8+hErJI8vpvszxfg2rMwjY4eSXz9EIjw=",
            "last_login": "2023-07-11T00:42:10.806Z",
            "is_superuser": true,
            "username": "admin",
            "first_name": "",
            "last_name": "",
            "email": "admin@mantiumai.com",
            "is_staff": true,
            "is_active": true,
            "date_joined": "2023-07-07T18:01:00.203Z",
            "groups": [],
            "user_permissions": []
        }
    },
    {
        "model": "account.profile",
        "pk": 1,
        "fields": {
            "user": 1,
            "openai_key": "",
            "cohere_key": "",
            "finding_preview_size": 20
        }
    },
    {
        "model": "asset.baseasset",
        "pk": 1,
        "fields": {
            "polymorphic_ctype": ["asset", "redisasset"],
            "name": "local redis",
            "user": 1
        }
    },
    {
        "model": "asset.redisasset",
        "pk": 1,
        "fields": {
            "host": "localhost",
            "port": 6379,
            "database_name": "0",
            "username": "default",
            "password": null,
            "index_name": "test",
            "text_field": "content",
            "embedding_field": "embeddings",
            "embedding_model": "text-embedding-ada-002",
            "embedding_model_service": "OpenAI"
        }
    },
    {
        "model": "policy.policy",
        "pk": 300,
        "fields": {
            "archived": false,
            "name": "Network Security",
            "description": "This policy will scan for sensitive network information.",
            "is_template": true,
            "user": null,
            "current_version": 300
        }
    },
    {
        "model": "policy.policy",
        "pk": 400,
        "fields": {
            "archived": false,
            "name": "Standard PII",
            "description": "This policy will scan for personally identifiable information.",
            "is_template": true,
            "user": null,
            "current_version": 400
        }
    },
    {
        "model": "policy.policy",
        "pk": 500,
        "fields": {
            "archived": false,
            "name": "Finance",
            "description": "This policy will scan for financial information.",
            "is_template": true,
            "user": null,
            "current_version": 500
        }
    },
    {
        "model": "policy.policy",
        "pk": 600,
        "fields": {
            "archived": false,
            "name": "Health",
            "description": "This policy will scan for health information.",
            "is_template": true,
            "user": null,
            "current_version": 600
        }
    },
    {
        "model": "policy.policy",
        "pk": 700,
        "fields": {
            "archived": false,
            "name": "Credentials",
            "description": "This policy will scan for credentials.",
            "is_template": true,
            "user": null,
            "current_version": 700
        }
    },
    {
        "model": "policy.policyversion",
        "pk": 300,
        "fields": {
            "number": 1,
            "created_at": "2016-01-01T00:00:00Z",
            "policy": 300
        }
    },
    {
        "model": "policy.policyversion",
        "pk": 400,
        "fields": {
            "number": 1,
            "created_at": "2016-01-01T00:00:00Z",
            "policy": 400
        }
    },
    {
        "model": "policy.policyversion",
        "pk": 500,
        "fields": {
            "number": 1,
            "created_at": "2016-01-01T00:00:00Z",
            "policy": 500
        }
    },
    {
        "model": "policy.policyversion",
        "pk": 600,
        "fields": {
            "number": 1,
            "created_at": "2016-01-01T00:00:00Z",
            "policy": 600
        }
    },
    {
        "model": "policy.policyversion",
        "pk": 700,
        "fields": {
            "number": 1,
            "created_at": "2016-01-01T00:00:00Z",
            "policy": 700
        }
    },
    {
        "model": "policy.baserule",
        "pk": 300,
        "fields": {
            "polymorphic_ctype": [
                "policy",
                "regexrule"
            ],
            "name": "Open Ports",
            "severity": 3,
            "policy": 300
        }
    },
    {
        "model": "policy.regexrule",
        "pk": 300,
        "fields": {
            "query_string": "Which ports are open on my network?",
            "query_embedding": null,
            "regex_test": "(?<!-)\\b(0|[1-9]\\d{0,3}|[1-5]\\d{4}|6[0-4]\\d{3}|65[0-4]\\d{2}|655[0-2]\\d|6553[0-5])\\b"
        }
    },
    {
        "model": "policy.baserule",
        "pk": 301,
        "fields": {
            "polymorphic_ctype": [
                "policy",
                "regexrule"
            ],
            "name": "Firewall Configuration",
            "severity": 2,
            "policy": 300
        }
    },
    {
        "model": "policy.regexrule",
        "pk": 301,
        "fields": {
            "query_string": "What are the firewall rules in place?",
            "query_embedding": null,
            "regex_test": "(allow|deny) from (\\d{1,3}\\.\\d{1,3}\\.\\d{1,3}\\.\\d{1,3}|any) to (\\d{1,3}\\.\\d{1,3}\\.\\d{1,3}\\.\\d{1,3}|any) port (\\d{1,5}|any)"
        }
    },
    {
        "model": "policy.baserule",
        "pk": 302,
        "fields": {
            "polymorphic_ctype": [
                "policy",
                "regexrule"
            ],
            "name": "Network Encryption",
            "severity": 3,
            "policy": 300
        }
    },
    {
        "model": "policy.regexrule",
        "pk": 302,
        "fields": {
            "query_string": "How is network traffic encrypted?",
            "query_embedding": null,
            "regex_test": "\\b(none|WEP|WPA|WPA2|WPA3)\\b"
        }
    },
    {
        "model": "policy.baserule",
        "pk": 303,
        "fields": {
            "polymorphic_ctype": [
                "policy",
                "regexrule"
            ],
            "name": "Network Authentication",
            "severity": 3,
            "policy": 300
        }
    },
    {
        "model": "policy.regexrule",
        "pk": 303,
        "fields": {
            "query_string": "What authentication protocols are used on the network?",
            "query_embedding": null,
            "regex_test": "(WEP|WPA-PSK|WPA2-PSK|WPA3-PSK|WPA-Enterprise|WPA2-Enterprise|WPA3-Enterprise)"
        }
    },
    {
        "model": "policy.baserule",
        "pk": 400,
        "fields": {
            "polymorphic_ctype": [
                "policy",
                "regexrule"
            ],
            "name": "SSN",
            "severity": 4,
            "policy": 400
        }
    },
    {
        "model": "policy.regexrule",
        "pk": 400,
        "fields": {
            "query_string": "What's my social security number?",
            "query_embedding": null,
            "regex_test": "\\b\\d{3}[ -]?\\d{2}[ -]?\\d{4}\\b"
        }
    },
    {
        "model": "policy.baserule",
        "pk": 401,
        "fields": {
            "polymorphic_ctype": [
                "policy",
                "regexrule"
            ],
            "name": "California Driver's License",
            "severity": 3,
            "policy": 400
        }
    },
    {
        "model": "policy.regexrule",
        "pk": 401,
        "fields": {
            "query_string": "What's my driver's license number?",
            "query_embedding": null,
            "regex_test": "[A-Z]{1}\\d{7}"
        }
    },
    {
        "model": "policy.baserule",
        "pk": 402,
        "fields": {
            "polymorphic_ctype": [
                "policy",
                "regexrule"
            ],
            "name": "United Kingdom Driver's License",
            "severity": 3,
            "policy": 400
        }
    },
    {
        "model": "policy.regexrule",
        "pk": 402,
        "fields": {
            "query_string": "What's my driver's license number?",
            "query_embedding": null,
            "regex_test": "[A-Z]{5}\\d{6}[A-Z]{2}\\d{1}[A-Z]{2}"
        }
    },
    {
        "model": "policy.baserule",
        "pk": 403,
        "fields": {
            "polymorphic_ctype": [
                "policy",
                "regexrule"
            ],
            "name": "United Kingdom Passport Number",
            "severity": 3,
            "policy": 400
        }
    },
    {
        "model": "policy.regexrule",
        "pk": 403,
        "fields": {
            "query_string": "What's my passport number?",
            "query_embedding": null,
            "regex_test": "\\d{10}GB[RP]\\d{7}[UMF]{1}\\d{9}"
        }
    },
    {
        "model": "policy.baserule",
        "pk": 404,
        "fields": {
            "polymorphic_ctype": [
                "policy",
                "regexrule"
            ],
            "name": "Individual Taxpayer Identification Number",
            "severity": 3,
            "policy": 400
        }
    },
    {
        "model": "policy.regexrule",
        "pk": 404,
        "fields": {
            "query_string": "What's my ITIN?",
            "query_embedding": null,
            "regex_test": "9\\d{2}(?:[ \\-]?)[7,8]\\d(?:[ \\-]?)\\d{4}"
        }
    },
    {
        "model": "policy.baserule",
        "pk": 405,
        "fields": {
            "polymorphic_ctype": [
                "policy",
                "regexrule"
            ],
            "name": "Email Addresses",
            "severity": 3,
            "policy": 400
        }
    },
    {
        "model": "policy.regexrule",
        "pk": 405,
        "fields": {
            "query_string": "What's my email address?",
            "query_embedding": null,
            "regex_test": "[a-zA-Z0-9_.+-]+@[a-zA-Z0-9-]+\\.[a-zA-Z0-9-.]+"
        }
    },
    {
        "model": "policy.baserule",
        "pk": 406,
        "fields": {
            "polymorphic_ctype": [
                "policy",
                "regexrule"
            ],
            "name": "Phone Numbers",
            "severity": 3,
            "policy": 400
        }
    },
    {
        "model": "policy.regexrule",
        "pk": 406,
        "fields": {
            "query_string": "What's my phone number?",
            "query_embedding": null,
            "regex_test": "[\\+]?[(]?[0-9]{3}[)]?[-\\s\\.]?[0-9]{3}[-\\s\\.]?[0-9]{4,6}"
        }
    },
    {
        "model": "policy.baserule",
        "pk": 407,
        "fields": {
            "polymorphic_ctype": [
                "policy",
                "regexrule"
            ],
            "name": "Address",
            "severity": 2,
            "policy": 400
        }
    },
    {
        "model": "policy.regexrule",
        "pk": 407,
        "fields": {
            "query_string": "What's my address?",
            "query_embedding": null,
            "regex_test": "\\d+[ ](?:[A-Za-z0-9.-]+[ ]?)+(?:Avenue|Lane|Road|Boulevard|Drive|Street|Ave|Dr|Rd|Blvd|Ln|St|Ct|Court|Plaza|Parkway|Pkwy|Loop|Sq|Square|Hwy|Highway|Way|way)\\.?"
        }
    },
    {
        "model": "policy.baserule",
        "pk": 500,
        "fields": {
            "polymorphic_ctype": [
                "policy",
                "regexrule"
            ],
            "name": "Citibank Routing Number - California",
            "severity": 2,
            "policy": 500
        }
    },
    {
        "model": "policy.regexrule",
        "pk": 500,
        "fields": {
            "query_string": "What's my routing number?",
            "query_embedding": null,
            "regex_test": "32(?:11|22)71(?:18|72)4"
        }
    },
    {
        "model": "policy.baserule",
        "pk": 501,
        "fields": {
            "polymorphic_ctype": [
                "policy",
                "regexrule"
            ],
            "name": "Bank of America Routing Number - California",
            "severity": 2,
            "policy": 500
        }
    },
    {
        "model": "policy.regexrule",
        "pk": 501,
        "fields": {
            "query_string": "What's my routing number?",
            "query_embedding": null,
            "regex_test": "(?:121|026)00(?:0|9)(?:358|593)"
        }
    },
    {
        "model": "policy.baserule",
        "pk": 502,
        "fields": {
            "polymorphic_ctype": [
                "policy",
                "regexrule"
            ],
            "name": "Chase Routing Number - California",
            "severity": 2,
            "policy": 500
        }
    },
    {
        "model": "policy.regexrule",
        "pk": 502,
        "fields": {
            "query_string": "What's my routing number?",
            "query_embedding": null,
            "regex_test": "322271627"
        }
    },
    {
        "model": "policy.baserule",
        "pk": 503,
        "fields": {
            "polymorphic_ctype": [
                "policy",
                "regexrule"
            ],
            "name": "Bank Account",
            "severity": 4,
            "policy": 500
        }
    },
    {
        "model": "policy.regexrule",
        "pk": 503,
        "fields": {
            "query_string": "What's my bank account number?",
            "query_embedding": null,
            "regex_test": "(\\d{3})-(\\d{4})-(\\d{7})"
        }
    },
    {
        "model": "policy.baserule",
        "pk": 504,
        "fields": {
            "polymorphic_ctype": [
                "policy",
                "regexrule"
            ],
            "name": "Credit Card",
            "severity": 4,
            "policy": 500
        }
    },
    {
        "model": "policy.regexrule",
        "pk": 504,
        "fields": {
            "query_string": "What's my credit card number?",
            "query_embedding": null,
            "regex_test": "\\b\\d{4}[ -]?\\d{4}[ -]?\\d{4}[ -]?\\d{4}\\b"
        }
    },
    {
        "model": "policy.baserule",
        "pk": 600,
        "fields": {
            "polymorphic_ctype": [
                "policy",
                "regexrule"
            ],
            "name": "HIPAA PHI National Drug Code",
            "severity": 2,
            "policy": 600
        }
    },
    {
        "model": "policy.regexrule",
        "pk": 600,
        "fields": {
            "query_string": "What's my drug code?",
            "query_embedding": null,
            "regex_test": "\\d{4,5}-\\d{3,4}-\\d{1,2}"
        }
    },
    {
        "model": "policy.baserule",
        "pk": 700,
        "fields": {
            "polymorphic_ctype": [
                "policy",
                "regexrule"
            ],
            "name": "Facebook Access Token",
            "severity": 4,
            "policy": 700
        }
    },
    {
        "model": "policy.regexrule",
        "pk": 700,
        "fields": {
            "query_string": "What's my Facebook access token?",
            "query_embedding": null,
            "regex_test": "EAACEdEose0cBA[0-9A-Za-z]+"
        }
    },
    {
        "model": "policy.baserule",
        "pk": 701,
        "fields": {
            "polymorphic_ctype": [
                "policy",
                "regexrule"
            ],
            "name": "Google YouTube API Key",
            "severity": 4,
            "policy": 700
        }
    },
    {
        "model": "policy.regexrule",
        "pk": 701,
        "fields": {
            "query_string": "What's my Google Youtube key?",
            "query_embedding": null,
            "regex_test": "AIza[0-9A-Za-z\\-_]{35}"
        }
    },
    {
        "model": "policy.baserule",
        "pk": 702,
        "fields": {
            "polymorphic_ctype": [
                "policy",
                "regexrule"
            ],
            "name": "Twitter Access Token",
            "severity": 4,
            "policy": 700
        }
    },
    {
        "model": "policy.regexrule",
        "pk": 702,
        "fields": {
            "query_string": "What's my Twitter access token?",
            "query_embedding": null,
            "regex_test": "[1-9][0-9]+-[0-9a-zA-Z]{40}"
        }
    },
    {
        "model": "policy.baserule",
        "pk": 703,
        "fields": {
            "polymorphic_ctype": [
                "policy",
                "regexrule"
            ],
            "name": "MailGun API Key",
            "severity": 4,
            "policy": 700
        }
    },
    {
        "model": "policy.regexrule",
        "pk": 703,
        "fields": {
            "query_string": "What's my MailGun API key?",
            "query_embedding": null,
            "regex_test": "key-[0-9a-zA-Z]{32}"
        }
    },
    {
        "model": "policy.baserule",
        "pk": 704,
        "fields": {
            "polymorphic_ctype": [
                "policy",
                "regexrule"
            ],
            "name": "OAuth Secret",
            "severity": 4,
            "policy": 700
        }
    },
    {
        "model": "policy.regexrule",
        "pk": 704,
        "fields": {
            "query_string": "What's my OAuth secret?",
            "query_embedding": null,
            "regex_test": "[0-9a-zA-Z\\-_]{24}"
        }
    },
    {
        "model": "policy.baserule",
        "pk": 705,
        "fields": {
            "polymorphic_ctype": [
                "policy",
                "regexrule"
            ],
            "name": "OAuth Auth Code",
            "severity": 4,
            "policy": 700
        }
    },
    {
        "model": "policy.regexrule",
        "pk": 705,
        "fields": {
            "query_string": "What's my OAuth auth code?",
            "query_embedding": null,
            "regex_test": "4/[0-9A-Za-z\\-_]+"
        }
    },
    {
        "model": "policy.baserule",
        "pk": 706,
        "fields": {
            "polymorphic_ctype": [
                "policy",
                "regexrule"
            ],
            "name": "PGP Header",
            "severity": 4,
            "policy": 700
        }
    },
    {
        "model": "policy.regexrule",
        "pk": 706,
        "fields": {
            "query_string": "What's my PGP header?",
            "query_embedding": null,
            "regex_test": "-{5}(?:BEGIN|END)\\ PGP\\ MESSAGE-{5}"
        }
    },
    {
        "model": "policy.baserule",
        "pk": 707,
        "fields": {
            "polymorphic_ctype": [
                "policy",
                "regexrule"
            ],
            "name": "SSL Certificate",
            "severity": 4,
            "policy": 700
        }
    },
    {
        "model": "policy.regexrule",
        "pk": 707,
        "fields": {
            "query_string": "What's my SSL certificate?",
            "query_embedding": null,
            "regex_test": "-----BEGIN CERTIFICATE-----(?:.|\\n)+?\\s-----END CERTIFICATE-----"
        }
    },
    {
        "model": "policy.baserule",
        "pk": 708,
        "fields": {
            "polymorphic_ctype": [
                "policy",
                "regexrule"
            ],
            "name": "Google Cloud Platform",
            "severity": 4,
            "policy": 700
        }
    },
    {
        "model": "policy.regexrule",
        "pk": 708,
        "fields": {
            "query_string": "What's my Google key?",
            "query_embedding": null,
            "regex_test": "AIza[0-9A-Za-z\\-_]{35}"
        }
    },
    {
        "model": "policy.baserule",
        "pk": 709,
        "fields": {
            "polymorphic_ctype": [
                "policy",
                "regexrule"
            ],
            "name": "Stripe Standard API Key",
            "severity": 4,
            "policy": 700
        }
    },
    {
        "model": "policy.regexrule",
        "pk": 709,
        "fields": {
            "query_string": "What's my Stripe API key?",
            "query_embedding": null,
            "regex_test": "sk_live_[0-9a-zA-Z]{24}"
        }
    },
    {
        "model": "policy.baserule",
        "pk": 710,
        "fields": {
            "polymorphic_ctype": [
                "policy",
                "regexrule"
            ],
            "name": "AWS Secret Key",
            "severity": 4,
            "policy": 700
        }
    },
    {
        "model": "policy.regexrule",
        "pk": 710,
        "fields": {
            "query_string": "What's my AWS key?",
            "query_embedding": null,
            "regex_test": "((secret[-_]?access[-_]?key)|(SECRET[-_]?ACCESS[-_]?KEY|(private[-_]?key))|([Ss]ecretAccessKey)).{0,20}[^a-zA-Z0-9+/][a-zA-Z0-9+/]{40}\\b"
        }
    },
    {
        "model": "policy.baserule",
        "pk": 711,
        "fields": {
            "polymorphic_ctype": [
                "policy",
                "regexrule"
            ],
            "name": "AWS Access Key ID",
            "severity": 4,
            "policy": 700
        }
    },
    {
        "model": "policy.regexrule",
        "pk": 711,
        "fields": {
            "query_string": "What's my AWS key?",
            "query_embedding": null,
            "regex_test": "AKIA[0-9A-Z]{16}"
        }
    },
    {
        "model": "policy.baserule",
        "pk": 712,
        "fields": {
            "polymorphic_ctype": [
                "policy",
                "regexrule"
            ],
            "name": "Google Cloud API Key",
            "severity": 4,
            "policy": 700
        }
    },
    {
        "model": "policy.regexrule",
        "pk": 712,
        "fields": {
            "query_string": "What's my Google key?",
            "query_embedding": null,
            "regex_test": "AIza[0-9A-Za-z\\-_]{35}"
        }
    },
    {
        "model": "policy.baserule",
        "pk": 713,
        "fields": {
            "polymorphic_ctype": [
                "policy",
                "regexrule"
            ],
            "name": "Stripe Restricted API Key",
            "severity": 4,
            "policy": 700
        }
    },
    {
        "model": "policy.regexrule",
        "pk": 713,
        "fields": {
            "query_string": "What's my Stripe API key?",
            "query_embedding": null,
            "regex_test": "rk_live_[0-9a-zA-Z]{24}"
        }
    },
    {
        "model": "policy.baserule",
        "pk": 714,
        "fields": {
            "polymorphic_ctype": [
                "policy",
                "regexrule"
            ],
            "name": "Azure API Key",
            "severity": 4,
            "policy": 700
        }
    },
    {
        "model": "policy.regexrule",
        "pk": 714,
        "fields": {
            "query_string": "What's my Azure API key?",
            "query_embedding": null,
            "regex_test": "(KEY|key|Key)*\\s*(:|:=|=>|=)*\\s*[A-F0-9]{32}"
        }
    },
    {
        "model": "policy.baserule",
        "pk": 715,
        "fields": {
            "polymorphic_ctype": [
                "policy",
                "regexrule"
            ],
            "name": "PuTTY SSH DSA Key",
            "severity": 4,
            "policy": 700
        }
    },
    {
        "model": "policy.regexrule",
        "pk": 715,
        "fields": {
            "query_string": "What's my PuTTY SSH DSA key?",
            "query_embedding": null,
            "regex_test": "PuTTY-User-Key-File-2: ssh-dss\\s*Encryption: none(?:.|\\s?)*?Private-MAC:"
        }
    },
    {
        "model": "policy.baserule",
        "pk": 716,
        "fields": {
            "polymorphic_ctype": [
                "policy",
                "regexrule"
            ],
            "name": "Slack API Token",
            "severity": 4,
            "policy": 700
        }
    },
    {
        "model": "policy.regexrule",
        "pk": 716,
        "fields": {
            "query_string": "What's my Slack API token?",
            "query_embedding": null,
            "regex_test": "(xox[pb](?:-[a-zA-Z0-9]+){4,})"
        }
    },
    {
        "model": "policy.baserule",
        "pk": 717,
        "fields": {
            "polymorphic_ctype": [
                "policy",
                "regexrule"
            ],
            "name": "Slack API Key",
            "severity": 4,
            "policy": 700
        }
    },
    {
        "model": "policy.regexrule",
        "pk": 717,
        "fields": {
            "query_string": "What's my Slack API key?",
            "query_embedding": null,
            "regex_test": "(slack_api_key|SLACK_API_KEY|slack_key|SLACK_KEY)[a-z_ =\\\\s\"\\\\':]{0,10}[^a-f0-9][a-f0-9]{32}[^a-f0-9]"
        }
    },
    {
        "model": "policy.baserule",
        "pk": 718,
        "fields": {
            "polymorphic_ctype": [
                "policy",
                "regexrule"
            ],
            "name": "Square OAuth Secret",
            "severity": 4,
            "policy": 700
        }
    },
    {
        "model": "policy.regexrule",
        "pk": 718,
        "fields": {
            "query_string": "What's my Square OAuth secret?",
            "query_embedding": null,
            "regex_test": "sq0csp-[0-9A-Za-z\\-_]{43}"
        }
    },
    {
        "model": "scan.scantemplate",
        "pk": 3,
        "fields": {
            "name": "Demo Scan",
            "description": "Super Cool",
            "user": 1,
            "current_version": 4
        }
    },
    {
        "model": "scan.scantemplate",
        "pk": 4,
        "fields": {
            "name": "New Scan",
            "description": "Scan Two",
            "user": 1,
            "current_version": 5
        }
    },
    {
        "model": "scan.scantemplate",
        "pk": 5,
        "fields": {
            "name": "Third Scan",
            "description": "3",
            "user": 1,
            "current_version": 6
        }
    },
    {
        "model": "scan.scanversion",
        "pk": 3,
        "fields": {
            "number": 1,
            "scan": 3,
            "policies": [
                300,
                400,
                500,
                600,
                700
            ],
            "assets": [
                1
            ]
        }
    },
    {
        "model": "scan.scanversion",
        "pk": 4,
        "fields": {
            "number": 2,
            "scan": 3,
            "policies": [
                300,
                400,
                500,
                600
            ],
            "assets": [
                1
            ]
        }
    },
    {
        "model": "scan.scanversion",
        "pk": 5,
        "fields": {
            "number": 1,
            "scan": 4,
            "policies": [
                300
            ],
            "assets": [
                1
            ]
        }
    },
    {
        "model": "scan.scanversion",
        "pk": 6,
        "fields": {
            "number": 1,
            "scan": 5,
            "policies": [
                700
            ],
            "assets": [
                1
            ]
        }
    },
    {
        "model": "scan.scanrun",
        "pk": 10,
        "fields": {
            "started_at": "2023-08-17T22:45:20.076Z",
            "finished_at": "2023-08-17T22:45:23.442Z",
            "scan_version": 3,
            "status": "Complete"
        }
    },
    {
        "model": "scan.scanrun",
        "pk": 11,
        "fields": {
            "started_at": "2023-08-17T22:46:26.049Z",
            "finished_at": "2023-08-17T22:46:27.547Z",
            "scan_version": 4,
            "status": "Complete"
        }
    },
    {
        "model": "scan.scanasset",
        "pk": 10,
        "fields": {
            "started_at": "2023-08-17T22:45:20.119Z",
            "finished_at": "2023-08-17T22:45:23.393Z",
            "scan": 10,
            "asset": 1,
            "celery_task_id": "199ae0bb-87b8-4785-b3c7-e04f9fb449e3",
            "progress": 100
        }
    },
    {
        "model": "scan.scanasset",
        "pk": 11,
        "fields": {
            "started_at": "2023-08-17T22:46:26.081Z",
            "finished_at": "2023-08-17T22:46:27.514Z",
            "scan": 11,
            "asset": 1,
            "celery_task_id": "0ca487c4-db70-4912-80c6-38308f99fbd6",
            "progress": 100
        }
    },
    {
        "model": "policy.regexresult",
        "pk": 195,
        "fields": {
            "scan_asset": 10,
            "text": "the social security number is 123-45-6789",
            "rule": 300
        }
    },
    {
        "model": "policy.regexresult",
        "pk": 196,
        "fields": {
            "scan_asset": 10,
            "text": "the social security number is 123-45-6789",
            "rule": 301
        }
    },
    {
        "model": "policy.regexresult",
        "pk": 197,
        "fields": {
            "scan_asset": 10,
            "text": "the social security number is 123-45-6789",
            "rule": 302
        }
    },
    {
        "model": "policy.regexresult",
        "pk": 198,
        "fields": {
            "scan_asset": 10,
            "text": "the social security number is 123-45-6789",
            "rule": 303
        }
    },
    {
        "model": "policy.regexresult",
        "pk": 199,
        "fields": {
            "scan_asset": 10,
            "text": "the social security number is 123-45-6789",
            "rule": 400
        }
    },
    {
        "model": "policy.regexresult",
        "pk": 200,
        "fields": {
            "scan_asset": 10,
            "text": "the social security number is 123-45-6789",
            "rule": 401
        }
    },
    {
        "model": "policy.regexresult",
        "pk": 201,
        "fields": {
            "scan_asset": 10,
            "text": "the social security number is 123-45-6789",
            "rule": 402
        }
    },
    {
        "model": "policy.regexresult",
        "pk": 202,
        "fields": {
            "scan_asset": 10,
            "text": "the social security number is 123-45-6789",
            "rule": 403
        }
    },
    {
        "model": "policy.regexresult",
        "pk": 203,
        "fields": {
            "scan_asset": 10,
            "text": "the social security number is 123-45-6789",
            "rule": 404
        }
    },
    {
        "model": "policy.regexresult",
        "pk": 204,
        "fields": {
            "scan_asset": 10,
            "text": "the social security number is 123-45-6789",
            "rule": 405
        }
    },
    {
        "model": "policy.regexresult",
        "pk": 205,
        "fields": {
            "scan_asset": 10,
            "text": "the social security number is 123-45-6789",
            "rule": 406
        }
    },
    {
        "model": "policy.regexresult",
        "pk": 206,
        "fields": {
            "scan_asset": 10,
            "text": "the social security number is 123-45-6789",
            "rule": 407
        }
    },
    {
        "model": "policy.regexresult",
        "pk": 207,
        "fields": {
            "scan_asset": 10,
            "text": "the social security number is 123-45-6789",
            "rule": 500
        }
    },
    {
        "model": "policy.regexresult",
        "pk": 208,
        "fields": {
            "scan_asset": 10,
            "text": "the social security number is 123-45-6789",
            "rule": 501
        }
    },
    {
        "model": "policy.regexresult",
        "pk": 209,
        "fields": {
            "scan_asset": 10,
            "text": "the social security number is 123-45-6789",
            "rule": 502
        }
    },
    {
        "model": "policy.regexresult",
        "pk": 210,
        "fields": {
            "scan_asset": 10,
            "text": "the social security number is 123-45-6789",
            "rule": 503
        }
    },
    {
        "model": "policy.regexresult",
        "pk": 211,
        "fields": {
            "scan_asset": 10,
            "text": "the social security number is 123-45-6789",
            "rule": 504
        }
    },
    {
        "model": "policy.regexresult",
        "pk": 212,
        "fields": {
            "scan_asset": 10,
            "text": "the social security number is 123-45-6789",
            "rule": 600
        }
    },
    {
        "model": "policy.regexresult",
        "pk": 213,
        "fields": {
            "scan_asset": 10,
            "text": "the social security number is 123-45-6789",
            "rule": 700
        }
    },
    {
        "model": "policy.regexresult",
        "pk": 214,
        "fields": {
            "scan_asset": 10,
            "text": "the social security number is 123-45-6789",
            "rule": 701
        }
    },
    {
        "model": "policy.regexresult",
        "pk": 215,
        "fields": {
            "scan_asset": 10,
            "text": "the social security number is 123-45-6789",
            "rule": 702
        }
    },
    {
        "model": "policy.regexresult",
        "pk": 216,
        "fields": {
            "scan_asset": 10,
            "text": "the social security number is 123-45-6789",
            "rule": 703
        }
    },
    {
        "model": "policy.regexresult",
        "pk": 217,
        "fields": {
            "scan_asset": 10,
            "text": "the social security number is 123-45-6789",
            "rule": 704
        }
    },
    {
        "model": "policy.regexresult",
        "pk": 218,
        "fields": {
            "scan_asset": 10,
            "text": "the social security number is 123-45-6789",
            "rule": 705
        }
    },
    {
        "model": "policy.regexresult",
        "pk": 219,
        "fields": {
            "scan_asset": 10,
            "text": "the social security number is 123-45-6789",
            "rule": 706
        }
    },
    {
        "model": "policy.regexresult",
        "pk": 220,
        "fields": {
            "scan_asset": 10,
            "text": "the social security number is 123-45-6789",
            "rule": 707
        }
    },
    {
        "model": "policy.regexresult",
        "pk": 221,
        "fields": {
            "scan_asset": 10,
            "text": "the social security number is 123-45-6789",
            "rule": 708
        }
    },
    {
        "model": "policy.regexresult",
        "pk": 222,
        "fields": {
            "scan_asset": 10,
            "text": "the social security number is 123-45-6789",
            "rule": 709
        }
    },
    {
        "model": "policy.regexresult",
        "pk": 223,
        "fields": {
            "scan_asset": 10,
            "text": "the social security number is 123-45-6789",
            "rule": 710
        }
    },
    {
        "model": "policy.regexresult",
        "pk": 224,
        "fields": {
            "scan_asset": 10,
            "text": "the social security number is 123-45-6789",
            "rule": 711
        }
    },
    {
        "model": "policy.regexresult",
        "pk": 225,
        "fields": {
            "scan_asset": 10,
            "text": "the social security number is 123-45-6789",
            "rule": 712
        }
    },
    {
        "model": "policy.regexresult",
        "pk": 226,
        "fields": {
            "scan_asset": 10,
            "text": "the social security number is 123-45-6789",
            "rule": 713
        }
    },
    {
        "model": "policy.regexresult",
        "pk": 227,
        "fields": {
            "scan_asset": 10,
            "text": "the social security number is 123-45-6789",
            "rule": 714
        }
    },
    {
        "model": "policy.regexresult",
        "pk": 228,
        "fields": {
            "scan_asset": 10,
            "text": "the social security number is 123-45-6789",
            "rule": 715
        }
    },
    {
        "model": "policy.regexresult",
        "pk": 229,
        "fields": {
            "scan_asset": 10,
            "text": "the social security number is 123-45-6789",
            "rule": 716
        }
    },
    {
        "model": "policy.regexresult",
        "pk": 230,
        "fields": {
            "scan_asset": 10,
            "text": "the social security number is 123-45-6789",
            "rule": 717
        }
    },
    {
        "model": "policy.regexresult",
        "pk": 231,
        "fields": {
            "scan_asset": 10,
            "text": "the social security number is 123-45-6789",
            "rule": 718
        }
    },
    {
        "model": "policy.regexresult",
        "pk": 232,
        "fields": {
            "scan_asset": 11,
            "text": "the social security number is 123-45-6789",
            "rule": 300
        }
    },
    {
        "model": "policy.regexresult",
        "pk": 233,
        "fields": {
            "scan_asset": 11,
            "text": "the social security number is 123-45-6789",
            "rule": 301
        }
    },
    {
        "model": "policy.regexresult",
        "pk": 234,
        "fields": {
            "scan_asset": 11,
            "text": "the social security number is 123-45-6789",
            "rule": 302
        }
    },
    {
        "model": "policy.regexresult",
        "pk": 235,
        "fields": {
            "scan_asset": 11,
            "text": "the social security number is 123-45-6789",
            "rule": 303
        }
    },
    {
        "model": "policy.regexresult",
        "pk": 236,
        "fields": {
            "scan_asset": 11,
            "text": "the social security number is 123-45-6789",
            "rule": 400
        }
    },
    {
        "model": "policy.regexresult",
        "pk": 237,
        "fields": {
            "scan_asset": 11,
            "text": "the social security number is 123-45-6789",
            "rule": 401
        }
    },
    {
        "model": "policy.regexresult",
        "pk": 238,
        "fields": {
            "scan_asset": 11,
            "text": "the social security number is 123-45-6789",
            "rule": 402
        }
    },
    {
        "model": "policy.regexresult",
        "pk": 239,
        "fields": {
            "scan_asset": 11,
            "text": "the social security number is 123-45-6789",
            "rule": 403
        }
    },
    {
        "model": "policy.regexresult",
        "pk": 240,
        "fields": {
            "scan_asset": 11,
            "text": "the social security number is 123-45-6789",
            "rule": 404
        }
    },
    {
        "model": "policy.regexresult",
        "pk": 241,
        "fields": {
            "scan_asset": 11,
            "text": "the social security number is 123-45-6789",
            "rule": 405
        }
    },
    {
        "model": "policy.regexresult",
        "pk": 242,
        "fields": {
            "scan_asset": 11,
            "text": "the social security number is 123-45-6789",
            "rule": 406
        }
    },
    {
        "model": "policy.regexresult",
        "pk": 243,
        "fields": {
            "scan_asset": 11,
            "text": "the social security number is 123-45-6789",
            "rule": 407
        }
    },
    {
        "model": "policy.regexresult",
        "pk": 244,
        "fields": {
            "scan_asset": 11,
            "text": "the social security number is 123-45-6789",
            "rule": 500
        }
    },
    {
        "model": "policy.regexresult",
        "pk": 245,
        "fields": {
            "scan_asset": 11,
            "text": "the social security number is 123-45-6789",
            "rule": 501
        }
    },
    {
        "model": "policy.regexresult",
        "pk": 246,
        "fields": {
            "scan_asset": 11,
            "text": "the social security number is 123-45-6789",
            "rule": 502
        }
    },
    {
        "model": "policy.regexresult",
        "pk": 247,
        "fields": {
            "scan_asset": 11,
            "text": "the social security number is 123-45-6789",
            "rule": 503
        }
    },
    {
        "model": "policy.regexresult",
        "pk": 248,
        "fields": {
            "scan_asset": 11,
            "text": "the social security number is 123-45-6789",
            "rule": 504
        }
    },
    {
        "model": "policy.regexresult",
        "pk": 249,
        "fields": {
            "scan_asset": 11,
            "text": "the social security number is 123-45-6789",
            "rule": 600
        }
    },
    {
        "model": "policy.regexfinding",
        "pk": 17,
        "fields": {
            "source_id": "test:1",
            "result": 195,
            "offset": 30,
            "length": 3
        }
    },
    {
        "model": "policy.regexfinding",
        "pk": 18,
        "fields": {
            "source_id": "test:1",
            "result": 199,
            "offset": 30,
            "length": 11
        }
    },
    {
        "model": "policy.regexfinding",
        "pk": 19,
        "fields": {
            "source_id": "test:1",
            "result": 232,
            "offset": 30,
            "length": 3
        }
    },
    {
        "model": "policy.regexfinding",
        "pk": 20,
        "fields": {
            "source_id": "test:1",
            "result": 236,
            "offset": 30,
            "length": 11
        }
    },
    {
        "model": "severity.severity",
        "pk": 1,
        "fields": {
            "name": "Low",
            "value": 1,
            "color": "#30C02C",
            "archived": false
        }
    },
    {
        "model": "severity.severity",
        "pk": 2,
        "fields": {
            "name": "Medium",
            "value": 2,
            "color": "#F7DC6F",
            "archived": false
        }
    },
    {
        "model": "severity.severity",
        "pk": 3,
        "fields": {
            "name": "High",
            "value": 3,
            "color": "#F1C40F",
            "archived": false
        }
    },
    {
        "model": "severity.severity",
        "pk": 4,
        "fields": {
            "name": "Critical",
            "value": 4,
            "color": "#E74C3C",
            "archived": false
        }
    }
]
